t_reg_id,t_name,t_lname,t_address,t_city,t_gender,number,subject,price,about,longitude,latitude
4,ali,hssan,Lahore Fort, lahore,Male,34567891210,history,1000,Passionate about making science fun and engaging for students,74.3587,31.5204 
5,Jane,Smith, Liberty Market,Lahore,Female,12345678901,english,2000,Passionate about making science fun and engaging for students,74.3646,31.5497 
6,Sophia,Wilson,Model Town Park,Lahore,Female,23456789012,urdu,1500,Passionate about making science fun and engaging for students,74.3207,31.5045 
7,William,Lee,Badshahi Mosque,Lahore,Male,34567890123,science,2000,Passionate about making science fun and engaging for students,74.3522,31.5204 
8,Olivia,Anderson,Gaddafi Stadium,Lahore,Female,45678901234,maths,1000,Passionate about making science fun and engaging for students,74.3184,31.5497 
9,Ava,Moore,Jallo Park,Lahore,Female,56789012345,english,3000,Passionate about making science fun and engaging for students,74.3265,31.4675 
10,Emma,Davis,Packages Mall,Lahore,Female,67890123456,english,5000,Passionate about making science fun and engaging for students,74.3344,31.5497 
11,Charlotte,Brown,Lahore Zoo,Lahore,Female,78901234567,isl,6000,Passionate about making science fun and engaging for students,74.3644,31.5020 
12,Amelia,Taylor,Shalimar Gardens,Lahore,Female,89012345678,urdu,2500,Passionate about making science fun and engaging for students,74.3810,31.5204 

